Chapter_Number,Question_Number,Question_Text,Improved_Question_Text
1,1,"P1. Design and describe an application-level protocol to be used between an automatic teller machine and a bank’s centralized computer. Your protocol should allow a user’s card and password to be verified, the account balance (which is maintained at the centralized computer) to be queried, and an account withdrawal to be made (that is, money disbursed to the user). Your protocol entities should be able to handle the all-too-common case in which there is not enough money in the account to cover the withdrawal. Specify your protocol by listing the messages exchanged and the action taken by the automatic teller machine or the bank’s centralized computer on transmission and receipt of messages. Sketch the operation of your protocol for the case of a simple withdrawal with no errors, using a diagram similar to that in Figure 1.2. Explicitly state the assumptions made by your protocol about the underlying end-to-end transport service.",Specify your protocol by listing the messages exchanged and the action taken by the automatic teller machine or the bank’s centralized computer.
1,2,P2. Equation 1.1 gives a formula for the end-to-end delay of sending one packet of length L over N links of transmission rate R. Generalize this formula for sending P such packets back-to-back over the N links.,True
1,3,"P3. Consider an application that transmits data at a steady rate (for example, the sender generates an N-bit unit of data every k time units, where k is small and fixed). Also, when such an application starts, it will continue running for a relatively long period of time. Answer the following questions, briefly justifying your answer: a. Would a packet-switched network or a circuit-switched network be more appropriate for this application? Why? b. Suppose that a packet-switched network is used and the only traffic in this network comes from such applications as described above. Furthermore, assume that the sum of the application data rates is less than the capacities of each and every link. Is some form of congestion control needed? Why?","Paraphrase: P3. Consider an application that transmits data at a steady rate. Consider an application that transmits data at a steady rate (for example, the sender generates an N-bit unit of data every k time units)"
1,4,"P4. Consider the circuit-switched network in Figure 1.13. Recall that there are four circuits on each link. Label the four switches A, B, C, and D, going in the clockwise direction. a. What is the maximum number of simultaneous connections that can be in progress at any one time in this network? b. Suppose that all connections are between switches A and C. What is the maximum number of simultaneous connections that can be in progress? c. Suppose we want to make four connections between switches A and C, and another four connections between switches B and D. Can we route these calls through the four links to accommodate all eight connections?","Paraphrase: P4. Consider the circuit-switched network in Figure 1.13. Recall that there are four circuits on each link. Label the four switches A, B, C, and D, going in the clockwise direction. a. What is the maximum number of simultaneous connections that can be in progress at any one time in this network? c. Suppose we want to make four connections between switches A and C, and another four connections between switches B and D."
1,5,"P5. Review the car-caravan analogy in Section 1.4. Assume a propagation speed of 100 km/hour. a. Suppose the caravan travels 175 km, beginning in front of one tollbooth, passing through a second tollbooth, and finishing just after a third tollbooth. What is the end-to-end delay? b. Repeat (a), now assuming that there are eight cars in the caravan instead of ten.",False
1,6,"P6. This elementary problem begins to explore propagation delay and transmission delay, two central concepts in data networking. Consider two hosts, A and B, connected by a single link of rate R bps. Suppose that the two hosts are separated by m meters, and suppose the propagation speed along the link is s meters/sec. Host A is to send a packet of size L bits to Host B. a. Express the propagation delay, dprop, in terms of m and s. b. Determine the transmission time of the packet, dtrans, in terms of L and R. c. Ignoring processing and queuing delays, obtain an expression for the endto-end delay. d. Suppose Host A begins to transmit the packet at time t = 0. At time t = dtrans, where is the last bit of the packet? e. Suppose dprop is greater than dtrans. At time t = dtrans, where is the first bit of the packet? f. Suppose dprop is less than dtrans. At time t = dtrans, where is the first bit of the packet? g. Suppose s = 2.5 # 108, L = 1500 bytes, and R = 10 Mbps. Find the distance m so that dprop equals dtrans.","Suppose dprop is greater than dtrans. At time t = dtrans, where is the first bit of the packet? f. Suppose dprop is greater than dtrans. At time t = dtrans, where is the first bit of the packet? g. Suppose s = 2.5 # 108, L = 1500 bytes, and R = 10 Mbps."
1,7,"P7. In this problem, we consider sending real-time voice from Host A to Host B over a packet-switched network (VoIP). Host A converts analog voice to a digital 64 kbps bit stream on the fly. Host A then groups the bits into 56-byte packets. There is one link between Hosts A and B; its transmission rate is 10 Mbps and its propagation delay is 10 msec. As soon as Host A gathers a packet, it sends it to Host B. As soon as Host B receives an entire packet, it converts the packet’s bits to an analog signal. How much time elapses from the time a bit is created (from the original analog signal at Host A) until the bit is decoded (as part of the analog signal at Host B)?","phrase: P7. In this problem, we consider sending real-time voice from Host A to Host B over a packet-switched network (VoIP) Host A converts analog voice to a digital 64 kbps bit stream on the fly. As soon as Host A gathers a packet, it sends it to Host B."
1,8,"P8. Suppose users share a 10 Mbps link. Also suppose each user requires 200 kbps when transmitting, but each user transmits only 10 percent of the time. (See the discussion of packet switching versus circuit switching in Section 1.3.) a. When circuit switching is used, how many users can be supported? b. For the remainder of this problem, suppose packet switching is used. Find the probability that a given user is transmitting. c. Suppose there are 120 users. Find the probability that at any given time, exactly n users are transmitting simultaneously. (Hint: Use the binomial distribution.) d. Find the probability that there are 51 or more users transmitting simultaneously.",": P8. Suppose users share a 10 Mbps link. Also suppose each user requires 200 kbps when transmitting, but each user transmits only 10 percent of the time. Find the probability that at any given time, exactly n users are transmitting simultaneously."
1,9,"P9. Consider the discussion in Section 1.3 of packet switching versus circuit switching in which an example is provided with a 1 Mbps link. Users are generating data at a rate of 100 kbps when busy, but are busy generating data only with probability p = 0.1. Suppose that the 1 Mbps link is replaced by a 1 Gbps link. a. What is N, the maximum number of users that can be supported simultaneously under circuit switching? b. Now consider packet switching and a user population of M users. Give a formula (in terms of p, M, N) for the probability that more than N users are sending data.",False
1,10,"P10. Consider a packet of length L that begins at end system A and travels over three links to a destination end system. These three links are connected by two packet switches. Let di, si, and Ri denote the length, propagation speed, and the transmission rate of link i, for i = 1, 2, 3. The packet switch delays each packet by dproc. Assuming no queuing delays, in terms of di , si , Ri, (i = 1, 2, 3), and L, what is the total end-to-end delay for the packet? Suppose now the packet is 1,500 bytes, the propagation speed on all three links is 2.5 # 108 m/s, the transmission rates of all three links are 2.5 Mbps, the packet switch processing delay is 3 msec, the length of the first link is 5,000 km, the length of the second link is 4,000 km, and the length of the last link is 1,000 km. For these values, what is the end-to-end delay?",False
1,11,"P11. In the above problem, suppose R1 = R2 = R3 = R and dproc = 0. Further suppose that the packet switch does not store-and-forward packets but instead immediately transmits each bit it receives before waiting for the entire packet to arrive. What is the end-to-end delay?",True
1,12,"P12. A packet switch receives a packet and determines the outbound link to which the packet should be forwarded. When the packet arrives, one other packet is halfway done being transmitted on this outbound link and four other packets are waiting to be transmitted. Packets are transmitted in order of arrival. Suppose all packets are 1,500 bytes and the link rate is 2.5 Mbps. What is the queuing delay for the packet? More generally, what is the queuing delay when all packets have length L, the transmission rate is R, x bits of the currently-being-transmitted packet have been transmitted, and n packets are already in the queue?","Suppose all packets have length L, the transmission rate is R, x bits of the currently-being-transmitted packet have been transmitted, and n packets are already in the queue?"
1,13,P13. (a) Suppose N packets arrive simultaneously to a link at which no packets are currently being transmitted or queued. Each packet is of length L and the link has transmission rate R. What is the average queuing delay for the N packets? (b) Now suppose that N such packets arrive to the link every LN/R seconds. What is the average queuing delay of a packet?,P13. (a) Suppose N packets arrive simultaneously to a link at which no packets are currently being transmitted or queued. Each packet is of length L and the link has transmission rate R. What is the average queuing delay for the N packets? (b) Now suppose that N such packets arrive to the link every LN/R seconds. What is the average queuing delay of a packet?
1,14,"P14. Consider the queuing delay in a router buffer. Let I denote traffic intensity; that is, I = La/R. Suppose that the queuing delay takes the form IL/R (1 - I) for I 6 1. a. Provide a formula for the total delay, that is, the queuing delay plus the transmission delay. b. Plot the total delay as a function of L/R.",False
1,15,"P15. Let a denote the rate of packets arriving at a link in packets/sec, and let µ denote the link’s transmission rate in packets/sec. Based on the formula for the total delay (i.e., the queuing delay plus the transmission delay) derived in the previous problem, derive a formula for the total delay in terms of a and µ.","Let a denote the rate of packets arriving at a link in packets/sec, and let  denote the link’s transmission rate in packets/sec. Based on the formula for the total delay, derive a formula for the total delay in terms of a and."
1,16,"P16. Consider a router buffer preceding an outbound link. In this problem, you will use Little’s formula, a famous formula from queuing theory. Let N denote the average number of packets in the buffer plus the packet being transmitted. Let a denote the rate of packets arriving at the link. Let d denote the average total delay (i.e., the queuing delay plus the transmission delay) experienced by a packet. Little’s formula is N = a # d. Suppose that on average, the buffer contains 100 packets, and the average packet queuing delay is 20 msec. The link’s transmission rate is 100 packets/sec. Using Little’s formula, what is the average packet arrival rate, assuming there is no packet loss?","Let N denote the average number of packets arriving at the link. Let d denote the average total delay (i.e., the queuing delay plus the transmission delay) experienced by a packet. Let d denote the average packet arrival rate, assuming there is no packet loss?"
1,17,"P17. a. Generalize Equation 1.2 in Section 1.4.3 for heterogeneous processing rates, transmission rates, and propagation delays. b. Repeat (a), but now also suppose that there is an average queuing delay of dqueue at each node.","Paraphrase: P17. a. Generalize Equation 1.2 in Section 1.4.3 for heterogeneous processing rates, transmission rates, and propagation delays. b. Repeat (a), but now also suppose that there is an average queuing delay of dqueue at each node."
1,18,"P18. Perform a Traceroute between source and destination on the same continent at three different hours of the day. a. Find the average and standard deviation of the round-trip delays at each of the three hours. b. Find the number of routers in the path at each of the three hours. Did the paths change during any of the hours? c. Try to identify the number of ISP networks that the Traceroute packets pass through from source to destination. Routers with similar names and/ or similar IP addresses should be considered as part of the same ISP. In your experiments, do the largest delays occur at the peering interfaces between adjacent ISPs? d. Repeat the above for a source and destination on different continents. Compare the intra-continent and inter-continent results.",Paraphrase: P18. Perform a Traceroute between source and destination on the same continent at three different hours of the day. find the average and standard deviation of the round-trip delays at each of the three hours.
1,19,"P19. Metcalfe’s law states the value of a computer network is proportional to the square of the number of connected users of the system. Let n denote the number of users in a computer network. Assuming each user sends one message to each of the other users, how many messages will be sent? Does your answer support Metcalfe’s law?",Metcalfe’s law states the value of a computer network is proportional to the square of the number of connected users of the system. Let n denote the number of users in a computer network.
1,20,"P20. Consider the throughput example corresponding to Figure 1.20(b). Now suppose that there are M client-server pairs rather than 10. Denote Rs, Rc, and R for the rates of the server links, client links, and network link. Assume all other links have abundant capacity and that there is no other traffic in the network besides the traffic generated by the M client-server pairs. Derive a general expression for throughput in terms of Rs, Rc, R, and M.",True
1,21,"P21. Consider Figure 1.19(b). Now suppose that there are M paths between the server and the client. No two paths share any link. Path k (k = 1, c, M) consists of N links with transmission rates Rk 1, Rk 2, c, Rk N. If the server can only use one path to send data to the client, what is the maximum throughput that the server can achieve? If the server can use all M paths to send data, what is the maximum throughput that the server can achieve?",False
1,22,"P22. Consider Figure 1.19(b). Suppose that each link between the server and the client has a packet loss probability p, and the packet loss probabilities for these links are independent. What is the probability that a packet (sent by the server) is successfully received by the receiver? If a packet is lost in the path from the server to the client, then the server will re-transmit the packet. On average, how many times will the server re-transmit the packet in order for the client to successfully receive the packet?",False
1,23,"P23. Consider Figure 1.19(a). Assume that we know the bottleneck link along the path from the server to the client is the first link with rate Rs bits/sec. Suppose we send a pair of packets back to back from the server to the client, and there is no other traffic on this path. Assume each packet of size L bits, and both links have the same propagation delay dprop. a. What is the packet inter-arrival time at the destination? That is, how much time elapses from when the last bit of the first packet arrives until the last bit of the second packet arrives? b. Now assume that the second link is the bottleneck link (i.e., Rc 6 Rs). Is it possible that the second packet queues at the input queue of the second link? Explain. Now suppose that the server sends the second packet T seconds after sending the first packet. How large must T be to ensure no queuing before the second link? Explain.","Paraphrase: P23. Consider Figure 1.19(a). Assume that we know the bottleneck link along the path from the server to the client is the first link with rate Rs bits/sec. Now assume that the second link is the bottleneck link (i.e., Rc 6 Rs)."
1,24,P24. Suppose you would like to urgently deliver 50 terabytes data from Boston to Los Angeles. You have available a 100 Mbps dedicated link for data transfer. Would you prefer to transmit the data via this link or instead use FedEx overnight delivery? Explain.,Paraphrase: P24. Suppose you would like to urgently deliver 50 terabytes data from Boston to Los Angeles. You have available a 100 Mbps dedicated link for data transfer.
2,1,"P1. True or false? a. A user requests a Web page that consists of some text and three images. For this page, the client will send one request message and receive four response messages. b. Two distinct Web pages (for example, www.mit.edu/research .html and www.mit.edu/students.html) can be sent over the same persistent connection. c. With nonpersistent connections between browser and origin server, it is possible for a single TCP segment to carry two distinct HTTP request messages. d. The Date: header in the HTTP response message indicates when the object in the response was last modified. e. HTTP response messages never have an empty message body.","True or false? a. A user requests a Web page that contains some text and three images. For this page, the client will send one request message and receive four response messages. b. Two distinct Web pages (for example, www.mit.edu/research.html and www.mit.edu/students.html) can be sent over same persistent connection."
2,2,"P2. SMS, iMessage, Wechat, and WhatsApp are all smartphone real-time messaging systems. After doing some research on the Internet, for each of these systems write one paragraph about the protocols they use. Then write a paragraph explaining how they differ.",True
2,3,P3. Consider an HTTP client that wants to retrieve a Web document at a given URL. The IP address of the HTTP server is initially unknown. What transport and application-layer protocols besides HTTP are needed in this scenario?,False
2,4,"P6. Obtain the HTTP/1.1 specification (RFC 2616). Answer the following questions: a. Explain the mechanism used for signaling between the client and server to indicate that a persistent connection is being closed. Can the client, the server, or both signal the close of a connection? b. What encryption services are provided by HTTP? c. Can a client open three or more simultaneous connections with a given server? d. Either a server or a client may close a transport connection between them if either one detects the connection has been idle for some time. Is it possible that one side starts closing a connection while the other side is transmitting data via this connection? Explain.",": P6. Obtain the HTTP/1.1 specification (RFC 2616). Answer the following questions: P6. Obtain the HTTP/1.1 specification (RFC 2616). Explain the mechanism used for signaling between the client and server to indicate that a persistent connection is being closed. Can the client, the server, or both signal the close of a connection? Explain."
2,5,"P7. Suppose within your Web browser you click on a link to obtain a Web page. The IP address for the associated URL is not cached in your local host, so a DNS lookup is necessary to obtain the IP address. Suppose that n DNS servers are visited before your host receives the IP address from DNS; the successive visits incur an RTT of RTT1, . . . , RTTn. Further suppose that the Web page associated with the link contains exactly one object, consisting of a small amount of HTML text. Let RTT0 denote the RTT between the local host and the server containing the object. Assuming zero transmission time of the object, how much time elapses from when the client clicks on the link until the client receives the object?",True
2,6,"P8. Referring to Problem P7, suppose the HTML file references eight very small objects on the same server. Neglecting transmission times, how much time elapses with a. Non-persistent HTTP with no parallel TCP connections? b. Non-persistent HTTP with the browser configured for 6 parallel connections? c. Persistent HTTP?",False
2,7,"P9. Consider Figure 2.12, for which there is an institutional network connected to the Internet. Suppose that the average object size is 1,000,000 bits and that the average request rate from the institution’s browsers to the origin servers is 16 requests per second. Also suppose that the amount of time it takes from when the router on the Internet side of the access link forwards an HTTP request until it receives the response is three seconds on average (see Section 2.2.5). Model the total average response time as the sum of the average access delay (that is, the delay from Internet router to institution router) and the average Internet delay. For the average access delay, use ∆/(1 - ∆b), where ∆ is the average time required to send an object over the access link and b is the arrival rate of objects to the access link. a. Find the total average response time. b. Now suppose a cache is installed in the institutional LAN. Suppose the miss rate is 0.4. Find the total response time.",/(1 - b) where  is the average time required to send an object over the access link and b is the arrival rate of objects to the access link. b. Now suppose a cache is installed in the institutional LAN.
2,8,"P11. Consider the scenario introduced in the previous problem. Now suppose that the link is shared by Bob with four other users. Bob uses parallel instances of non-persistent HTTP, and the other four users use non-persistent HTTP without parallel downloads. a. Do Bob’s parallel connections help him get Web pages more quickly? Why or why not? b. If all five users open five parallel instances of non-persistent HTTP, then would Bob’s parallel connections still be beneficial? Why or why not?","Paraphrase: P11. Consider the scenario introduced in the previous problem. Now suppose that the link is shared by Bob with four other users. Bob uses parallel instances of non-persistent HTTP, and the other four users use non-persistent HTTP without parallel downloads."
2,9,"P12. Write a simple TCP program for a server that accepts lines of input from a client and prints the lines onto the server’s standard output. (You can do this by modifying the TCPServer.py program in the text.) Compile and execute your program. On any other machine that contains a Web browser, set the proxy server in the browser to the host that is running your server program; also configure the port number appropriately. Your browser should now send its GET request messages to your server, and your server should display the messages on its standard output. Use this platform to determine whether your browser generates conditional GET messages for objects that are locally cached.",: P12. Write a simple TCP program for a server that accepts lines of input from a client and prints the lines onto the server’s standard output. Use this platform to determine whether your browser generates conditional GET messages for objects locally cached.
2,10,"P13. Consider sending over HTTP/2 a Web page that consists of one video clip, and five images. Suppose that the video clip is transported as 2000 frames, and each image has three frames. a. If all the video frames are sent first without interleaving, how many “frame times” are needed until all five images are sent? b. If frames are interleaved, how many frame times are needed until all five images are sent.","Paraphrase: P13. Consider sending over HTTP/2 a Web page that contains one video clip, and five images. Consider sending over HTTP/2 a Web page that includes one video clip, and five images. Suppose that the video clip is transported as 2000 frames, and each image has three frames."
2,11,"P14. Consider the Web page in problem 13. Now HTTP/2 prioritization is employed. Suppose all the images are given priority over the video clip, and that the first image is given priority over the second image, the second image over the third image, and so on. How many frame times will be needed until the second image is sent?",False
2,12,P15. What is the difference between MAIL FROM: in SMTP and From: in the mail message itself?,False
2,13,P16. How does SMTP mark the end of a message body? How about HTTP? Can HTTP use the same method as SMTP to mark the end of a message body? Explain.,False
2,14,"P19. In this problem, we use the useful dig tool available on Unix and Linux hosts to explore the hierarchy of DNS servers. Recall that in Figure 2.19, a DNS server in the DNS hierarchy delegates a DNS query to a DNS server lower in the hierarchy, by sending back to the DNS client the name of that lower-level DNS server. First read the man page for dig, and then answer the following questions. a. Starting with a root DNS server (from one of the root servers [a-m]. root-servers.net), initiate a sequence of queries for the IP address for your department’s Web server by using dig. Show the list of the names of DNS servers in the delegation chain in answering your query. b. Repeat part (a) for several popular Web sites, such as google.com, yahoo .com, or amazon.com.",": P19. In this problem, we use the useful dig tool available on Unix and Linux hosts to explore the hierarchy of DNS servers. we use the useful dig tool available on Unix and Linux hosts to explore the hierarchy of DNS servers."
2,15,P20. Suppose you can access the caches in the local DNS servers of your department. Can you propose a way to roughly determine the Web servers (outside your department) that are most popular among the users in your department?Explain.,False
2,16,"P21. Suppose that your department has a local DNS server for all computers in the department. You are an ordinary user (i.e., not a network/system administrator). Can you determine if an external Web site was likely accessed from a computer in your department a couple of seconds ago? Explain.","Paraphrase: P21. Imagine that your department has a local DNS server for all computers in the department. You are an ordinary user (i.e., not a network/system administrator)."
2,17,"P22. Consider distributing a file of F = 20 Gbits to N peers. The server has an upload rate of us = 30 Mbps, and each peer has a download rate of di = 2 Mbps and an upload rate of u. For N = 10, 100, and 1,000 and u = 300 Kbps, 700 Kbps, and 2 Mbps, prepare a chart giving the minimum distribution time for each of the combinations of N and u for both clientserver distribution and P2P distribution.",False
2,18,"P25. Consider an overlay network with N active peers, with each pair of peers having an active TCP connection. Additionally, suppose that the TCP connections pass through a total of M routers. How many nodes and edges are there in the corresponding overlay network?",": P25. Consider an overlay network with N active peers, with each pair having an active TCP connection."
2,19,"P26. Suppose Bob joins a BitTorrent torrent, but he does not want to upload any data to any other peers (so called free-riding). a. Bob claims that he can receive a complete copy of the file that is shared by the swarm. Is Bob’s claim possible? Why or why not? b. Bob further claims that he can further make his “free-riding” more efficient by using a collection of multiple computers (with distinct IP addresses) in the computer lab in his department. How can he do that?",Bob claims that he can receive a complete copy of the file that is shared by the swarm. Bob further claims that he can further make his “free-riding” more efficient by using a collection of multiple computers (with distinct IP addresses) in his department.
2,20,"P27. Consider a DASH system for which there are N video versions (at N different rates and qualities) and N audio versions (at N different rates and qualities). Suppose we want to allow the player to choose at any time any of the N video versions and any of the N audio versions. a. If we create files so that the audio is mixed in with the video, so server sends only one media stream at given time, how many files will the server need to store (each a different URL)? b. If the server instead sends the audio and video streams separately and has the client synchronize the streams, how many files will the server need to store?",Paraphrase: P27. Consider a DASH system for which there are N video versions (at N different rates and qualities) and N audio versions (at N different rates and qualities)
2,21,P28. Install and compile the Python programs TCPClient and UDPClient on one host and TCPServer and UDPServer on another host. a. Suppose you run TCPClient before you run TCPServer. What happens? Why? b. Suppose you run UDPClient before you run UDPServer. What happens? Why? c. What happens if you use different port numbers for the client and server sides?,Paraphrase: P28. Install and compile the Python programs TCPClient and UDPClient on one host and TCPServer and UDPServer on another host. What happens? Why? c. What happens if you use different port numbers for the client and server sides?
3,1,"P1. Suppose Client A initiates a Telnet session with Server S. At about the same time, Client B also initiates a Telnet session with Server S. Provide possible source and destination port numbers for a. The segments sent from A to S. b. The segments sent from B to S. c. The segments sent from S to A. d. The segments sent from S to B. e. If A and B are different hosts, is it possible that the source port number in the segments from A to S is the same as that from B to S? f. How about if they are the same host?","Paraphrase: P1. Suppose Client A initiates a Telnet session with Server S. At the same time, Client B also initiates a Telnet session with Server S. Provide possible source and destination port numbers for a. The segments sent from A to S. b. The segments sent from B to S. c. The segments sent from S to B. e. If A and B are different hosts, is it possible that the source port number in the segments from A to S is the same as that from B"
3,2,P2. Consider Figure 3.5. What are the source and destination port values in the segments flowing from the server back to the clients’ processes? What are the IP addresses in the network-layer datagrams carrying the transport-layer segments?,False
3,3,"P3. UDP and TCP use 1s complement for their checksums. Suppose you have the following three 8-bit bytes: 01010011, 01100110, 01110100. What is the 1s complement of the sum of these 8-bit bytes? (Note that although UDP and TCP use 16-bit words in computing the checksum, for this problem you are being asked to consider 8-bit sums.) Show all work. Why is it that UDP takes the 1s complement of the sum; that is, why not just use the sum? With the 1s complement scheme, how does the receiver detect errors? Is it possible that a 1-bit error will go undetected? How about a 2-bit error?","UDP and TCP use 1s complement for their checksums. Suppose you have three 8-bit bytes: 01010011, 01100110, 01110100. What is the 1s complement of the sum?"
3,4,"P4. a. Suppose you have the following 2 bytes: 01011100 and 01100101. What is the 1s complement of the sum of these 2 bytes? b. Suppose you have the following 2 bytes: 11011010 and 01100101. What is the 1s complement of the sum of these 2 bytes? c. For the bytes in part (a), give an example where one bit is flipped in each of the 2 bytes and yet the 1s complement doesn’t change.",Paraphrase: P4.a. Suppose you have the following 2 bytes: 01011100 and 01100101. What is the 1s complement of the sum of these 2 bytes? b. Suppose you have the following 2 bytes: 11011010 and 01100101.
3,5,P5. Suppose that the UDP receiver computes the Internet checksum for the received UDP segment and finds that it matches the value carried in the checksum field. Can the receiver be absolutely certain that no bit errors have occurred? Explain.,False
3,6,"P6. Consider our motivation for correcting protocol rdt2.1. Show that the receiver, shown in Figure 3.60, when operating with the sender shown in Figure 3.11, can lead the sender and receiver to enter into a deadlock state, where each is waiting for an event that will never occur.",False
3,7,P8. Draw the FSM for the receiver side of protocol rdt3.0.,False
3,8,P9. Give a trace of the operation of protocol rdt3.0 when data packets and acknowledgment packets are garbled. Your trace should be similar to that used in Figure 3.16.,True
3,9,P10. Consider a channel that can lose packets but has a maximum delay that is known. Modify protocol rdt2.1 to include sender timeout and retransmit. Informally argue why your protocol can communicate correctly over this channel.,Paraphrase: P10. Consider a channel that can lose packets but has maximum delay that is known. Modify protocol rdt2.1 to include sender timeout and retransmit.
3,10,"P11. Consider the rdt2.2 receiver in Figure 3.14, and the creation of a new packet in the self-transition (i.e., the transition from the state back to itself) in the Wait-for-0-from-below and the Wait-for-1-from-below states: sndpkt=make_pkt(ACK,1,checksum) and sndpkt=make_ pkt(ACK,0,checksum). Would the protocol work correctly if this action were removed from the self-transition in the Wait-for-1-from-below state? Justify your answer. What if this event were removed from the self-transition in the Wait-for-0-from-below state? [Hint: In this latter case, consider what would happen if the first sender-to-receiver packet were corrupted.]","Paraphrase: P11. Consider the rdt2.2 receiver in Figure 3.14, and the creation of a new packet in the self-transition (i.e., the transition from the state back to itself) in the Wait-for-0-from-below and the Wait-for-1-from-below states: sndpkt=make_pkt(ACK,1,checksum) and sndpkt=make_pkt(ACK,0,checksum). Would the"
3,11,"P12. The sender side of rdt3.0 simply ignores (that is, takes no action on) all received packets that are either in error or have the wrong value in the acknum field of an acknowledgment packet. Suppose that in such circumstances, rdt3.0 were simply to retransmit the current data packet. Would the protocol still work? (Hint: Consider what would happen if there were only bit errors; there are no packet losses but premature timeouts can occur. Consider how many times the nth packet is sent, in the limit as n approaches infinity.)","Paraphrase: P12. The sender side of rdt3.0 simply ignores (that is, takes no action on) all received packets that are either in error or have wrong value in an acknowledgment packet."
3,12,"P13. Consider the rdt 3.0 protocol. Draw a diagram showing that if the network connection between the sender and receiver can reorder messages (that is, that two messages propagating in the medium between the sender and receiver can be reordered), then the alternating-bit protocol will not work correctly (make sure you clearly identify the sense in which it will not work correctly). Your diagram should have the sender on the left and the receiver on the right, with the time axis running down the page, showing data (D) and acknowledgment (A) message exchange. Make sure you indicate the sequence number associated with any data or acknowledgment segment.","Paraphrase: P13. Consider the rdt 3.0 protocol. Draw a diagram showing that if the network connection between the sender and receiver can reorder messages (that is, that two messages propagating in the medium between the sender and receiver can be reordered) then the alternating-bit protocol will not work correctly (make sure you clearly identify in which it will not work correctly)."
3,13,"P14. Consider a reliable data transfer protocol that uses only negative acknowledgments. Suppose the sender sends data only infrequently. Would a NAK-only protocol be preferable to a protocol that uses ACKs? Why? Now suppose the sender has a lot of data to send and the end-to-end connection experiences few losses. In this second case, would a NAK-only protocol be preferable to a protocol that uses ACKs? Why?",Paraphrase: P14. Consider a reliable data transfer protocol that uses only negative acknowledgments.Suppose the sender sends data only infrequently. Would a NAK-only protocol be preferable to a protocol that uses ACKs? Why?
3,14,"P15. Consider the cross-country example shown in Figure 3.17. How big would the window size have to be for the channel utilization to be greater than 98 percent? Suppose that the size of a packet is 1,500 bytes, including both header fields and data.",False
3,15,"P16. Suppose an application uses rdt 3.0 as its transport layer protocol. As the stop-and-wait protocol has very low channel utilization (shown in the crosscountry example), the designers of this application let the receiver keep sending back a number (more than two) of alternating ACK 0 and ACK 1 even if the corresponding data have not arrived at the receiver. Would this application design increase the channel utilization? Why? Are there any potential problems with this approach? Explain.",False
3,16,"P22. Consider the GBN protocol with a sender window size of 4 and a sequence number range of 1,024. Suppose that at time t, the next in-order packet that the receiver is expecting has a sequence number of k. Assume that the medium does not reorder messages. Answer the following questions: a. What are the possible sets of sequence numbers inside the sender’s window at time t? Justify your answer. b. What are all possible values of the ACK field in all possible messages currently propagating back to the sender at time t? Justify your answer.",False
3,17,P23. Consider the GBN and SR protocols. Suppose the sequence number space is of size k. What is the largest allowable sender window that will avoid the occurrence of problems such as that in Figure 3.27 for each of these protocols?,False
3,18,"P24. Answer true or false to the following questions and briefly justify your answer: a. With the SR protocol, it is possible for the sender to receive an ACK for a packet that falls outside of its current window. b. With GBN, it is possible for the sender to receive an ACK for a packet that falls outside of its current window. c. The alternating-bit protocol is the same as the SR protocol with a sender and receiver window size of 1. d. The alternating-bit protocol is the same as the GBN protocol with a sender and receiver window size of 1.",False
3,19,P25. We have said that an application may choose UDP for a transport protocol because UDP offers finer application control (than TCP) of what data is sent in a segment and when. Why does an application have more control of what data is sent in a segment? Why does an application have more control on when the segment is sent?,False
3,20,"P26. Consider transferring an enormous file of L bytes from Host A to Host B. Assume an MSS of 536 bytes. a. What is the maximum value of L such that TCP sequence numbers are not exhausted? Recall that the TCP sequence number field has 4 bytes. b. For the L you obtain in (a), find how long it takes to transmit the file. Assume that a total of 66 bytes of transport, network, and data-link header are added to each segment before the resulting packet is sent out over a 155 Mbps link. Ignore flow control and congestion control so A can pump out the segments back to back and continuously",Paraphrase: P26. Consider transferring an enormous file of L bytes from Host A to Host B. Consider transferring an enormous file of L bytes from Host A to Host B. Assume an MSS of 536 bytes. b. What is maximum value of L such that TCP sequence numbers are not exhausted?
4,1,P12. Describe how packet loss can occur at output ports. Can this loss be prevented by increasing the switch fabric speed?,False
4,2,P13. What is HOL blocking? Does it occur in input ports or output ports?,False
4,3,"P21.Do routers have IP addresses? If so, how many?",Paraphrase: P21.Do routers have IP addresses?
4,4,P22. What is the 32-bit binary equivalent of the IP address 223.1.3.27?,Paraphrase: P22. What is the 32-bit binary equivalent of the IP address 223.1.3.27?
4,5,"P23. Visit a host that uses DHCP to obtain its IP address, network mask, default router, and IP address of its local DNS server. List these values.",False
4,6,P2. Suppose two packets arrive to two different input ports of a router at exactly the same time. Also suppose there are no other packets anywhere in the router. a. Suppose the two packets are to be forwarded to two different output ports. Is it possible to forward the two packets through the switch fabric at the same time when the fabric uses a shared bus? b. Suppose the two packets are to be forwarded to two different output ports. Is it possible to forward the two packets through the switch fabric at the same time when the fabric uses switching via memory? c. Suppose the two packets are to be forwarded to the same output port. Is it possible to forward the two packets through the switch fabric at the same time when the fabric uses a crossbar?,Suppose the two packets arrive to two different input ports of a router at exactly the same time. Also suppose there are no other packets anywhere in the router.
4,7,"P5. Suppose that the WEQ scheduling policy is applied to a buffer that supports three classes, and suppose the weights are 0.5, 0.25, and 0.25 for the three classes. a. Suppose that each class has a large number of packets in the buffer. In what sequence might the three classes be served in order to achieve the WFQ weights? (For round robin scheduling, a natural sequence is 123123123 . . .). b. Suppose that classes 1 and 2 have a large number of packets in the buffer, and there are no class 3 packets in the buffer. In what sequence might the three classes be served in to achieve the WFQ weights?",True
4,8,"P11. Consider a router that interconnects three subnets: Subnet 1, Subnet 2, and Subnet 3. Suppose all of the interfaces in each of these three subnets are required to have the prefix 223.1.17/24. Also suppose that Subnet 1 is required to support at least 60 interfaces, Subnet 2 is to support at least 90 interfaces, and Subnet 3 is to support at least 12 interfaces. Provide three network addresses (of the form a.b.c.d/x) that satisfy these constraints.",False
4,9,"P12. In Section 4.2.2, an example forwarding table (using longest prefix matching) is given. Rewrite this forwarding table using the a.b.c.d/x notation instead of the binary string notation. P13. In Problem P8, you are asked to provide a forwarding table (using longest prefix matching). Rewrite this forwarding table using the a.b.c.d/x notation instead of the binary string notation.",False
4,10,"P14. Consider a subnet with prefix 128.119.40.128/26. Give an example of one IP address (of form xxx.xxx.xxx.xxx) that can be assigned to this network. Suppose an ISP owns the block of addresses of the form 128.119.40.64/26. Suppose it wants to create four subnets from this block, with each block having the same number of IP addresses. What are the prefixes (of form a.b.c.d/x) for the four subnets?","P14. Consider a subnet with prefix 128.119.40.128/26. Give example of one IP address (of form xxx.xxx.xxx.xxx.xxx) that can be assigned to this network. Suppose an ISP owns the block of addresses of the form 128.119.40.64/26. Suppose it wants to create four subnets from this block, with each block having same number of IP addresses. What are the prefixes (of form"
4,11,"P15. Consider the topology shown in Figure 4.20. Denote the three subnets with hosts (starting clockwise at 12:00) as Networks A, B, and C. Denote the subnets without hosts as Networks D, E, and F. a. Assign network addresses to each of these six subnets, with the following constraints: All addresses must be allocated from 214.97.254/23; Subnet A should have enough addresses to support 250 interfaces; Subnet B should have enough addresses to support 120 interfaces; and Subnet C should have enough addresses to support 120 interfaces. Of course, subnets D, E and F should each be able to support two interfaces. For each subnet, the assignment should take the form a.b.c.d/x or a.b.c.d/x – e.f.g.h/y. b. Using your answer to part (a), provide the forwarding tables (using longest prefix matching) for each of the three routers.","Paraphrase: P15. Consider topology shown in Figure 4.20. Denote the three subnets with hosts (start clockwise at 12:00) as Networks A, B, and C. Denote the subnets without hosts as Networks D, E, and F. a. Assign network addresses to each of these six subnets, with constraints: All addresses must be allocated from 214.97.254/23; Subnet A should have enough addresses to support 250 interfaces; Subnet B should have enough addresses to support"
4,12,P16. Use the whois service at the American Registry for Internet Numbers (http://www.arin.net/whois) to determine the IP address blocks for three universities. Can the whois services be used to determine with certainty the geographical location of a specific IP address? Use www.maxmind.com to determine the locations of the Web servers at each of these universities.,Paraphrase: P16. Use the whois service at the American Registry for Internet Numbers (http://www.arin.net/whois) to determine the IP address blocks for three universities. Can the whois services be used to determine with certainty the geographical location of a specific IP address?
4,13,"P17. Suppose datagrams are limited to 1,500 bytes (including header) between source Host A and destination Host B. Assuming a 20-byte IP header, how many datagrams would be required to send an MP3 consisting of 5 million bytes? Explain how you computed your answer.",False
4,14,"P18. Consider the network setup in Figure 4.25. Suppose that the ISP instead assigns the router the address 24.34.112.235 and that the network address of the home network is 192.168.1/24. a. Assign addresses to all interfaces in the home network. b. Suppose each host has two ongoing TCP connections, all to port 80 at host 128.119.40.86. Provide the six corresponding entries in the NAT translation table.","A. Assign addresses to all interfaces in the home network. b. Suppose each host has two ongoing TCP connections, all to port 80 at host 128.119.40.86. Provide the six entries in the NAT translation table."
4,15,"P19. Suppose you are interested in detecting the number of hosts behind a NAT. You observe that the IP layer stamps an identification number sequentially on each IP packet. The identification number of the first IP packet generated by a host is a random number, and the identification numbers of the subsequent IP packets are sequentially assigned. Assume all IP packets generated by hosts behind the NAT are sent to the outside world. a. Based on this observation, and assuming you can sniff all packets sent by the NAT to the outside, can you outline a simple technique that detects the number of unique hosts behind a NAT? Justify your answer.",True
4,16,"P20. In this problem, we’ll explore the impact of NATs on P2P applications. Suppose a peer with username Arnold discovers through querying that a peer with username Bernard has a file it wants to download. Also suppose that Bernard and Arnold are both behind a NAT. Try to devise a technique that will allow Arnold to establish a TCP connection with Bernard without application-specific NAT configuration. If you have difficulty devising such a technique, discuss why.","P20. In this problem, we’ll explore the impact of NATs on P2P applications.Suppose a peer with username Arnold discovers through querying that a peer with username Bernard has a file it wants to download. Also suppose that Bernard and Arnold are both behind a NAT."
4,17,P21. Consider the SDN OpenFlow network shown in Figure 4.30. Suppose that the desired forwarding behavior for datagrams arriving at s2 is as follows: • any datagrams arriving on input port 1 from hosts h5 or h6 that are destined to hosts h1 or h2 should be forwarded over output port 2; • any datagrams arriving on input port 2 from hosts h1 or h2 that are destined to hosts h5 or h6 should be forwarded over output port 1; • any arriving datagrams on input ports 1 or 2 and destined to hosts h3 or h4 should be delivered to the host specified; • hosts h3 and h4 should be able to send datagrams to each other. Specify the flow table entries in s2 that implement this forwarding behavior.,False
4,18,"P22. Consider again the SDN OpenFlow network shown in Figure 4.30. Suppose that the desired forwarding behavior for datagrams arriving from hosts h3 or h4 at s2 is as follows: • any datagrams arriving from host h3 and destined for h1, h2, h5 or h6 should be forwarded in a clockwise direction in the network; • any datagrams arriving from host h4 and destined for h1, h2, h5 or h6 should be forwarded in a counter-clockwise direction in the network. Specify the flow table entries in s2 that implement this forwarding behavior.",False
5,1,P9. Consider the count-to-infinity problem in the distance vector routing. Will the count-to-infinity problem occur if we decrease the cost of a link? Why? How about if we connect two nodes which do not have a link?,False
5,2,"P10. Argue that for the distance-vector algorithm in Figure 5.6, each value in the distance vector D(x) is non-increasing and will eventually stabilize in a finite number of steps.",False
5,3,P12. Describe how loops in paths can be detected in BGP.,False
5,4,P13. Will a BGP router always choose the loop-free route with the shortest ASpath length? Justify your answer.,False
5,5,"P14. Consider the network shown below. Suppose AS3 and AS2 are running OSPF for their intra-AS routing protocol. Suppose AS1 and AS4 are running RIP for their intra-AS routing protocol. Suppose eBGP and iBGP are used for the inter-AS routing protocol. Initially suppose there is no physical link between AS2 and AS4. a. Router 3c learns about prefix x from which routing protocol: OSPF, RIP, eBGP, or iBGP? b. Router 3a learns about x from which routing protocol? c. Router 1c learns about x from which routing protocol? d. Router 1d learns about x from which routing protocol?",False
5,6,"P15. Referring to the previous problem, once router 1d learns about x it will put an entry (x, I) in its forwarding table. a. Will I be equal to I1 or I2 for this entry? Explain why in one sentence. b. Now suppose that there is a physical link between AS2 and AS4, shown by the dotted line. Suppose router 1d learns that x is accessible via AS2 as well as via AS3. Will I be set to I1 or I2? Explain why in one sentence. c. Now suppose there is another AS, called AS5, which lies on the path between AS2 and AS4 (not shown in diagram). Suppose router 1d learns that x is accessible via AS2 AS5 AS4 as well as via AS3 AS4. Will I be set to I1 or I2? Explain why in one sentence.",False
5,7,"P14. Describe the main role of the communication layer, the network-wide statemanagement layer, and the network-control application layer in an SDN controller.","Describe the main role of the communication layer, the network-wide statemanagement layer, and the network-control application layer in an SDN controller."
5,8,P15. Suppose you wanted to implement a new routing protocol in the SDN control plane. At which layer would you implement that protocol? Explain.,False
5,9,"P16. What types of messages flow across an SDN controller’s northbound and southbound APIs? Who is the recipient of these messages sent from the controller across the southbound interface, and who sends messages to the controller across the northbound interface?",Paraphrase: P16. What types of messages flow across an SDN controller’s northbound and southbound API?
5,10,P17. Describe the purpose of two types of OpenFlow messages (of your choosing) that are sent from a controlled device to the controller. Describe the purpose of two types of Openflow messages (of your choosing) that are send from the controller to a controlled device.,False
5,11,P18. What is the purpose of the service abstraction layer in the OpenDaylight SDN controller?,Paraphrase: P18. What is purpose of the service abstraction layer in the OpenDaylight SDN controller?
5,12,"P8. True or false: When an OSPF route sends its link state information, it is sent only to those nodes directly attached neighbors. Explain.","True or false: When an OSPF route sends its link state information, it is sent only to those nodes directly attached neighbors. Explain."
6,1,"P6. In CSMA/CD, after the fifth collision, what is the probability that a node chooses K = 4? The result K = 4 corresponds to a delay of how many seconds on a 10 Mbps Ethernet?",False
6,2,P7. Describe polling and token-passing protocols using the analogy of cocktail party interactions.,False
6,3,P8. Why would the token-ring protocol be inefficient if a LAN had a very large perimeter?,False
6,4,P1. Suppose the information content of a packet is the bit pattern 1110 0110 1001 0101 and an even parity scheme is being used. What would the value of the field containing the parity bits be for the case of a two-dimensional parity scheme? Your answer should be such that a minimum-length checksum field is used.,False
6,5,"P4. Consider the previous problem, but instead suppose these 10 bytes contain a. the binary representation of the numbers 1 through 10. b. the ASCII representation of the letters B through K (uppercase). c. the ASCII representation of the letters b through k (lowercase). d. Compute the Internet checksum for this data.",True
6,6,"P5. Consider the 5-bit generator, G = 10011, and suppose that D has the value 1010101010. What is the value of R?",False
6,7,"P6. Consider the previous problem, but suppose that D has the value a. 1000100101. b. 0101101010. c. 0110100011.",False
6,8,"P7. In this problem, we explore some of the properties of the CRC. For the generator G (= 1001) given in Section 6.2.3, answer the following questions. a. Why can it detect any single bit error in data D? b. Can the above G detect any odd number of bit errors? Why?","Paraphrase: P7. In this problem, we explore some properties of the CRC."
6,9,"P11. Suppose four active nodes—nodes A, B, C and D—are competing for access to a channel using slotted ALOHA. Assume each node has an infinite number of packets to send. Each node attempts to transmit in each slot with probability p. The first slot is numbered slot 1, the second slot is numbered slot 2, and so on. a. What is the probability that node A succeeds for the first time in slot 4? b. What is the probability that some node (either A, B, C or D) succeeds in slot 5? c. What is the probability that the first success occurs in slot 4? d. What is the efficiency of this four-node system?",False
6,10,P12. Graph the efficiency of slotted ALOHA and pure ALOHA as a function of p for the following values of N: a. N = 10. b. N = 30. c. N = 50.,p for the following values of N: a. N = 10. b. N = 30. c. N = 50.
6,11,"P13. Consider a broadcast channel with N nodes and a transmission rate of R bps. Suppose the broadcast channel uses polling (with an additional polling node) for multiple access. Suppose the amount of time from when a node completes transmission until the subsequent node is permitted to transmit (that is, the polling delay) is dpoll. Suppose that within a polling round, a given node is allowed to transmit at most Q bits. What is the maximum throughput of the broadcast channel?",False
6,12,"P14. Consider three LANs interconnected by two routers, as shown in Figure 6.33. a. Assign IP addresses to all of the interfaces. For Subnet 1 use addresses of the form 192.168.1.xxx; for Subnet 2 uses addresses of the form 192.168.2.xxx; and for Subnet 3 use addresses of the form 192.168.3.xxx. b. Assign MAC addresses to all of the adapters. c. Consider sending an IP datagram from Host E to Host B. Suppose all of the ARP tables are up to date. Enumerate all the steps, as done for the single-router example in Section 6.4.1. d. Repeat (c), now assuming that the ARP table in the sending host is empty (and the other tables are up to date). smission? At what time does A begin transmission? (Note: The nodes must wait for an idle channel after returning to Step 2—see protocol.) At what time does A’s signal reach B? Does B refrain from transmitting at its scheduled time?",": P14. Consider three LANs interconnected by two routers, as shown in Figure 6.33. a. Assign IP addresses to all of the interfaces. For Subnet 1 use addresses of the form 192.168.1.xxx; for Subnet 2 uses addresses of the form 192.168.2.xxx; and for Subnet 3 use addresses of the form 192.168.3.xxx. b. Assign MAC addresses to all of the adapters."
6,13,"P27. In this problem, we explore the use of small packets for Voice-over-IP applications. One of the drawbacks of a small packet size is that a large fraction of link bandwidth is consumed by overhead bytes. To this end, suppose that the packet consists of P bytes and 5 bytes of header. a. Consider sending a digitally encoded voice source directly. Suppose the source is encoded at a constant rate of 128 kbps. Assume each packet is entirely filled before the source sends the packet into the network. The time required to fill a packet is the packetization delay. In terms of L, determine the packetization delay in milliseconds. b. Packetization delays greater than 20 msec can cause a noticeable and unpleasant echo. Determine the packetization delay for L = 1,500 bytes (roughly corresponding to a maximum-sized Ethernet packet) and for L = 50 (corresponding to an ATM packet). c. Calculate the store-and-forward delay at a single switch for a link rate of R = 622 Mbps for L = 1,500 bytes, and for L = 50 bytes. d. Comment on the advantages of using a small packet size.",": P27. In this problem, we explore the use of small packets for Voice-over-IP applications."
